food_id,food_name_ko,food_name_en,category,subcategory,serving_size_g,serving_label,gi_value,gi_grade,carbs_g,sugar_g,kcal,data_source,notes
KR_RIC_001,흰쌀밥,White Rice,곡류,밥류,210,1공기,84,위험,68,0.1,313,식약처+Sydney GI,
KR_RIC_002,현미밥,Brown Rice,곡류,밥류,210,1공기,55,안심,65,0.7,320,식약처+Sydney GI,
KR_RIC_003,잡곡밥,Mixed Grain Rice,곡류,밥류,210,1공기,58,주의,66,0.5,325,식약처+Sydney GI,
KR_RIC_004,콩밥,Rice with Beans,곡류,밥류,210,1공기,52,안심,61,0.6,310,식약처+Sydney GI,
KR_RIC_005,김밥,Gimbap,곡류,밥류,250,1줄,72,위험,70,4.2,420,식약처+Sydney GI,
KR_RIC_006,볶음밥,Fried Rice,곡류,밥류,250,1공기,68,주의,72,3.8,450,식약처+Sydney GI,
KR_RIC_007,비빔밥,Bibimbap,곡류,밥류,400,1그릇,67,주의,79,6.2,560,식약처+Sydney GI,
KR_RIC_008,주먹밥,Rice Ball,곡류,밥류,120,1개,74,위험,39,1.5,180,식약처+Sydney GI,
KR_RIC_009,오므라이스,Omelette Rice,곡류,밥류,350,1접시,73,위험,78,8.0,590,식약처+Sydney GI,
KR_RIC_010,카레라이스,Curry Rice,곡류,밥류,400,1접시,69,주의,82,5.4,610,식약처+Sydney GI,
KR_RIC_011,김치볶음밥,Kimchi Fried Rice,곡류,밥류,300,1공기,70,위험,74,4.1,530,식약처+Sydney GI,
KR_RIC_012,유부초밥,Inari Sushi,곡류,밥류,200,1인분,71,위험,60,9.5,390,추정,추정
KR_NOO_001,라면,Ramyun,면류,국물면,500,1봉지,73,위험,79,3.2,510,식약처+Sydney GI,
KR_NOO_002,짜장면,Jajangmyeon,면류,중식면,700,1그릇,65,주의,90,10.1,785,식약처+Sydney GI,
KR_NOO_003,짬뽕,Jjamppong,면류,중식면,700,1그릇,62,주의,82,6.8,690,식약처+Sydney GI,
KR_NOO_004,냉면,Naengmyeon,면류,국수,650,1그릇,68,주의,85,7.2,520,식약처+Sydney GI,
KR_NOO_005,잔치국수,Janchi Guksu,면류,국수,500,1그릇,61,주의,72,2.8,430,식약처+Sydney GI,
KR_NOO_006,비빔국수,Spicy Mixed Noodles,면류,국수,450,1그릇,69,주의,88,13.4,550,식약처+Sydney GI,
KR_NOO_007,우동,Udon,면류,일식면,600,1그릇,62,주의,76,4.5,470,식약처+Sydney GI,
KR_NOO_008,파스타,Tomato Pasta,면류,파스타,300,1접시,49,안심,65,7.0,480,식약처+Sydney GI,
KR_NOO_009,크림파스타,Cream Pasta,면류,파스타,350,1접시,54,안심,68,5.2,690,식약처+Sydney GI,
KR_NOO_010,쫄면,Jjolmyeon,면류,비빔면,450,1그릇,70,위험,92,15.1,620,추정,추정
KR_BRE_001,식빵,White Bread,빵류,식사빵,70,2조각,75,위험,35,4.0,190,식약처+Sydney GI,
KR_BRE_002,통밀빵,Whole Wheat Bread,빵류,식사빵,70,2조각,53,안심,31,3.5,180,식약처+Sydney GI,
KR_BRE_003,베이글,Bagel,빵류,식사빵,100,1개,72,위험,49,5.2,280,식약처+Sydney GI,
KR_BRE_004,크루아상,Croissant,빵류,패스트리,60,1개,67,주의,26,6.1,290,식약처+Sydney GI,
KR_BRE_005,모닝빵,Dinner Roll,빵류,식사빵,35,1개,70,위험,18,2.1,110,식약처+Sydney GI,
KR_BRE_006,소보로빵,Soboro Bread,빵류,달콤빵,90,1개,74,위험,45,18.0,370,식약처+Sydney GI,
KR_BRE_007,단팥빵,Red Bean Bread,빵류,달콤빵,100,1개,71,위험,52,20.3,360,식약처+Sydney GI,
KR_BRE_008,마늘빵,Garlic Bread,빵류,조리빵,80,2조각,66,주의,38,5.0,320,식약처+Sydney GI,
KR_BRE_009,피자빵,Pizza Bread,빵류,조리빵,120,1개,68,주의,43,7.8,390,추정,추정
KR_BRE_010,카스테라,Sponge Cake,빵류,케이크빵,80,2조각,72,위험,46,24.5,310,식약처+Sydney GI,
KR_FRU_001,사과,Apple,과일,생과일,150,1개,36,안심,20,16.0,85,식약처+Sydney GI,
KR_FRU_002,바나나,Banana,과일,생과일,120,1개,51,안심,27,14.0,105,식약처+Sydney GI,
KR_FRU_003,포도,Grapes,과일,생과일,100,1컵,59,주의,18,15.5,69,식약처+Sydney GI,
KR_FRU_004,수박,Watermelon,과일,생과일,200,1조각,76,위험,15,13.8,60,식약처+Sydney GI,
KR_FRU_005,딸기,Strawberry,과일,생과일,150,1컵,41,안심,11,7.0,48,식약처+Sydney GI,
KR_FRU_006,오렌지,Orange,과일,생과일,180,1개,43,안심,18,14.0,86,식약처+Sydney GI,
KR_FRU_007,배,Pear,과일,생과일,180,1개,38,안심,27,17.2,100,식약처+Sydney GI,
KR_FRU_008,복숭아,Peach,과일,생과일,150,1개,42,안심,14,12.0,58,식약처+Sydney GI,
KR_FRU_009,참외,Korean Melon,과일,생과일,200,1개,65,주의,16,14.3,66,추정,추정
KR_FRU_010,파인애플,Pineapple,과일,생과일,150,1컵,59,주의,20,16.3,82,식약처+Sydney GI,
KR_FRU_011,키위,Kiwi,과일,생과일,100,1개,50,안심,15,9.0,61,식약처+Sydney GI,
KR_FRU_012,블루베리,Blueberry,과일,생과일,100,1컵,53,안심,14,10.0,57,식약처+Sydney GI,
KR_FRU_013,망고,Mango,과일,생과일,150,1컵,60,주의,25,22.0,99,식약처+Sydney GI,
KR_FRU_014,감,Persimmon,과일,생과일,150,1개,61,주의,34,27.0,118,식약처+Sydney GI,
KR_FRU_015,귤,Tangerine,과일,생과일,100,2개,43,안심,12,9.5,47,식약처+Sydney GI,
KR_DES_001,치즈케이크,Cheesecake,디저트,케이크,120,1조각,63,주의,32,24.0,420,식약처+Sydney GI,
KR_DES_002,초코케이크,Chocolate Cake,디저트,케이크,120,1조각,69,주의,45,33.0,450,식약처+Sydney GI,
KR_DES_003,티라미수,Tiramisu,디저트,케이크,100,1조각,65,주의,36,25.0,390,추정,추정
KR_DES_004,마카롱,Macaron,디저트,쿠키,25,1개,82,위험,18,15.0,110,식약처+Sydney GI,
KR_DES_005,도넛,Donut,디저트,빵디저트,70,1개,76,위험,34,16.0,290,식약처+Sydney GI,
KR_DES_006,와플,Waffle,디저트,빵디저트,100,1개,75,위험,48,12.0,320,식약처+Sydney GI,
KR_DES_007,빙수,Bingsu,디저트,빙과,300,1그릇,70,위험,58,41.0,410,식약처+Sydney GI,
KR_DES_008,아이스크림,Ice Cream,디저트,빙과,100,1컵,61,주의,24,21.0,207,식약처+Sydney GI,
KR_DES_009,쿠키,Cookie,디저트,과자,50,3개,64,주의,33,16.0,250,식약처+Sydney GI,
KR_DES_010,핫케이크,Pancake,디저트,브런치디저트,120,2장,67,주의,45,12.5,310,추정,추정
KR_BEV_001,콜라,Cola,음료,탄산음료,250,1캔,63,주의,27,27.0,108,식약처+Sydney GI,
KR_BEV_002,사이다,Lemon Lime Soda,음료,탄산음료,250,1캔,68,주의,29,29.0,120,식약처+Sydney GI,
KR_BEV_003,오렌지주스,Orange Juice,음료,주스,200,1컵,50,안심,21,20.0,90,식약처+Sydney GI,
KR_BEV_004,포도주스,Grape Juice,음료,주스,200,1컵,59,주의,36,35.0,150,식약처+Sydney GI,
KR_BEV_005,바나나우유,Banana Milk,음료,가공우유,240,1팩,62,주의,31,27.0,208,식약처+Sydney GI,
KR_BEV_006,초코우유,Chocolate Milk,음료,가공우유,240,1팩,49,안심,30,26.0,190,식약처+Sydney GI,
KR_BEV_007,밀크티,Bubble Milk Tea,음료,카페음료,350,1컵,67,주의,52,44.0,320,추정,추정
KR_BEV_008,아메리카노,Americano,음료,커피,355,1잔,0,안심,1,0.0,10,식약처+Sydney GI,
KR_BEV_009,카페라떼,Caffe Latte,음료,커피,355,1잔,41,안심,13,11.0,180,식약처+Sydney GI,
KR_BEV_010,딸기스무디,Strawberry Smoothie,음료,스무디,400,1컵,65,주의,58,49.0,330,추정,추정
KR_KOR_001,김치찌개,Kimchi Stew,한식,찌개,400,1뚝배기,38,안심,12,5.0,210,식약처+Sydney GI,
KR_KOR_002,된장찌개,Soybean Paste Stew,한식,찌개,400,1뚝배기,32,안심,10,3.2,180,식약처+Sydney GI,
KR_KOR_003,불고기,Bulgogi,한식,고기요리,250,1인분,46,안심,18,10.0,420,식약처+Sydney GI,
KR_KOR_004,갈비탕,Galbitang,한식,국밥,500,1그릇,48,안심,16,2.5,390,식약처+Sydney GI,
KR_KOR_005,삼계탕,Samgyetang,한식,보양식,800,1그릇,52,안심,22,1.5,560,식약처+Sydney GI,
KR_KOR_006,떡볶이,Tteokbokki,한식,분식,300,1인분,82,위험,68,16.0,450,식약처+Sydney GI,
KR_KOR_007,순두부찌개,Soft Tofu Stew,한식,찌개,400,1뚝배기,34,안심,11,3.0,230,식약처+Sydney GI,
KR_KOR_008,제육볶음,Spicy Pork Stir Fry,한식,고기요리,250,1인분,44,안심,14,8.0,470,식약처+Sydney GI,
KR_KOR_009,닭갈비,Dakgalbi,한식,볶음요리,300,1인분,55,안심,20,10.0,510,식약처+Sydney GI,
KR_KOR_010,감자탕,Gamjatang,한식,탕류,600,1그릇,57,주의,24,4.0,520,추정,추정
KR_KOR_011,부대찌개,Budae Jjigae,한식,찌개,500,1냄비,60,주의,28,6.5,610,식약처+Sydney GI,
KR_KOR_012,잡채,Japchae,한식,반찬,200,1접시,59,주의,38,14.0,310,식약처+Sydney GI,
KR_KOR_013,해물파전,Seafood Pancake,한식,전요리,250,1장,64,주의,36,3.0,450,식약처+Sydney GI,
KR_KOR_014,계란말이,Rolled Omelette,한식,반찬,120,1접시,15,안심,4,2.0,180,식약처+Sydney GI,
KR_KOR_015,오징어볶음,Stir-fried Squid,한식,볶음요리,200,1접시,51,안심,16,7.0,260,추정,추정
KR_WES_001,햄버거,Hamburger,양식,패스트푸드,220,1개,66,주의,40,8.0,540,식약처+Sydney GI,
KR_WES_002,치즈버거,Cheeseburger,양식,패스트푸드,240,1개,65,주의,42,9.0,590,식약처+Sydney GI,
KR_WES_003,피자,Pizza,양식,패스트푸드,150,2조각,60,주의,38,6.0,420,식약처+Sydney GI,
KR_WES_004,스테이크,Steak,양식,메인요리,250,1인분,0,안심,2,0.0,520,식약처+Sydney GI,
KR_WES_005,오므라이스,Omurice,양식,라이스요리,350,1접시,73,위험,78,8.0,590,식약처+Sydney GI,
KR_WES_006,초밥,Sushi,일식,초밥,250,10개,68,주의,74,9.0,430,식약처+Sydney GI,
KR_WES_007,돈까스,Tonkatsu,일식,튀김요리,300,1접시,63,주의,32,5.0,680,식약처+Sydney GI,
KR_WES_008,규동,Gyudon,일식,덮밥,450,1그릇,75,위험,88,12.0,720,추정,추정
KR_SNA_001,감자칩,Potato Chips,간식,스낵,60,1봉지,56,주의,32,1.0,320,식약처+Sydney GI,
KR_SNA_002,팝콘,Popcorn,간식,스낵,50,1컵,72,위험,28,0.5,250,식약처+Sydney GI,
KR_SNA_003,프레첼,Pretzel,간식,스낵,50,1봉지,83,위험,40,2.0,230,식약처+Sydney GI,
KR_SNA_004,초코바,Chocolate Bar,간식,초콜릿,50,1개,62,주의,30,24.0,260,식약처+Sydney GI,
KR_SNA_005,에너지바,Energy Bar,간식,바형간식,60,1개,58,주의,34,12.0,240,추정,추정
KR_SNA_006,찐고구마,Steamed Sweet Potato,간식,고구마,150,1개,63,주의,35,7.0,135,식약처+Sydney GI,
KR_SNA_007,군고구마,Roasted Sweet Potato,간식,고구마,150,1개,94,위험,41,13.0,180,식약처+Sydney GI,
KR_SNA_008,호떡,Hotteok,간식,전통간식,100,1개,77,위험,56,18,286,식약처+Sydney GI,
KR_SNA_009,붕어빵,Bungeoppang,간식,전통간식,100,1개,74,위험,44.12,11.98,254,추정,추정
KR_SNA_010,약과,Yakgwa,간식,전통과자,100,2개,80,위험,71.7,18.0,422,추정,추정
